tag_type,tag_id,time_utc,rssi,lat,lon,heading,antenna_angle
radio434mhz,4C34074B,2023-08-03 19:42:44.721001Z,-42,38.935561,-74.948195,24.273,0.000
radio434mhz,072A6633,2023-08-03 19:42:45.307456Z,-25,38.935561,-74.948195,23.548,0.000
radio434mhz,19332A07,2023-08-03 19:42:48.366123Z,-51,38.935569,-74.948195,15.840,0.000
radio434mhz,4C34074B,2023-08-03 19:42:54.981168Z,-39,38.935571,-74.948210,19.384,0.000
radio434mhz,072A6633,2023-08-03 19:42:56.016012Z,-25,38.935571,-74.948210,20.136,0.000
radio434mhz,19332A07,2023-08-03 19:42:58.491334Z,-45,38.935571,-74.948210,20.932,0.000
radio434mhz,4C34074B,2023-08-03 19:43:05.195892Z,-42,38.935593,-74.948231,26.452,0.000
radio434mhz,072A6633,2023-08-03 19:43:06.680904Z,-25,38.935598,-74.948230,24.316,0.000
radio434mhz,19332A07,2023-08-03 19:43:08.618103Z,-48,38.935607,-74.948235,30.607,0.000
radio434mhz,4C34074B,2023-08-03 19:43:15.411835Z,-42,38.935639,-74.948242,32.171,0.000
radio434mhz,072A6633,2023-08-03 19:43:17.391783Z,-26,38.935650,-74.948249,31.574,0.000
radio434mhz,19332A07,2023-08-03 19:43:18.741868Z,-48,38.935654,-74.948250,43.545,0.000
radio434mhz,4C34074B,2023-08-03 19:43:25.626897Z,-41,38.935694,-74.948255,35.674,0.000
radio434mhz,072A6633,2023-08-03 19:43:28.057752Z,-25,38.935711,-74.948256,40.645,0.000
radio434mhz,19332A07,2023-08-03 19:43:28.912052Z,-51,38.935711,-74.948256,43.922,0.000
radio434mhz,4C34074B,2023-08-03 19:43:35.887349Z,-48,38.935738,-74.948253,24.737,0.000
radio434mhz,072A6633,2023-08-03 19:43:38.767318Z,-25,38.935755,-74.948258,36.012,0.000
radio434mhz,19332A07,2023-08-03 19:43:39.036644Z,-51,38.935755,-74.948258,36.206,0.000
radio434mhz,4C34074B,2023-08-03 19:43:46.103197Z,-42,38.935798,-74.948258,35.809,0.000
radio434mhz,19332A07,2023-08-03 19:43:49.162394Z,-45,38.935820,-74.948262,32.129,0.000
radio434mhz,072A6633,2023-08-03 19:43:49.477199Z,-25,38.935820,-74.948262,33.996,0.000
radio434mhz,4C34074B,2023-08-03 19:43:56.317509Z,-48,38.935847,-74.948259,31.249,0.000
radio434mhz,19332A07,2023-08-03 19:43:59.288825Z,-48,38.935859,-74.948254,34.001,0.000
radio434mhz,072A6633,2023-08-03 19:44:00.142653Z,-25,38.935866,-74.948256,32.597,0.000
radio434mhz,4C34074B,2023-08-03 19:44:06.577624Z,-47,38.935908,-74.948251,37.122,0.000
radio434mhz,19332A07,2023-08-03 19:44:09.457250Z,-48,38.935916,-74.948251,33.089,0.000
radio434mhz,072A6633,2023-08-03 19:44:10.852244Z,-25,38.935923,-74.948247,27.351,0.000
radio434mhz,4C34074B,2023-08-03 19:44:16.747942Z,-53,38.935963,-74.948253,32.153,0.000
radio434mhz,19332A07,2023-08-03 19:44:19.583036Z,-48,38.935985,-74.948253,33.799,0.000
radio434mhz,072A6633,2023-08-03 19:44:21.563086Z,-25,38.935987,-74.948257,22.721,0.000
radio434mhz,4C34074B,2023-08-03 19:44:27.008100Z,-51,38.936032,-74.948261,21.664,0.000
radio434mhz,19332A07,2023-08-03 19:44:29.708294Z,-47,38.936061,-74.948271,26.817,0.000
radio434mhz,072A6633,2023-08-03 19:44:32.274724Z,-25,38.936078,-74.948266,30.727,0.000
radio434mhz,4C34074B,2023-08-03 19:44:37.223507Z,-50,38.936121,-74.948268,26.508,0.000
radio434mhz,19332A07,2023-08-03 19:44:39.833670Z,-53,38.936140,-74.948266,19.971,0.000
radio434mhz,072A6633,2023-08-03 19:44:42.939628Z,-26,38.936151,-74.948267,28.071,0.000
radio434mhz,4C34074B,2023-08-03 19:44:47.483792Z,-51,38.936179,-74.948279,26.305,0.000
radio434mhz,19332A07,2023-08-03 19:44:49.959990Z,-44,38.936191,-74.948284,27.463,0.000
radio434mhz,072A6633,2023-08-03 19:44:53.649111Z,-25,38.936227,-74.948288,27.366,0.000
radio434mhz,4C34074B,2023-08-03 19:44:57.743912Z,-45,38.936262,-74.948285,25.222,0.000
radio434mhz,19332A07,2023-08-03 19:45:00.084032Z,-48,38.936278,-74.948286,36.436,0.000
radio434mhz,072A6633,2023-08-03 19:45:04.360200Z,-25,38.936303,-74.948297,43.625,0.000
radio434mhz,4C34074B,2023-08-03 19:45:07.960092Z,-43,38.936320,-74.948289,33.683,0.000
radio434mhz,19332A07,2023-08-03 19:45:10.254097Z,-55,38.936343,-74.948295,36.695,0.000
radio434mhz,072A6633,2023-08-03 19:45:15.113588Z,-26,38.936369,-74.948293,49.306,0.000
radio434mhz,4C34074B,2023-08-03 19:45:18.174183Z,-46,38.936385,-74.948287,46.933,0.000
radio434mhz,19332A07,2023-08-03 19:45:20.424464Z,-48,38.936395,-74.948277,50.200,0.000
radio434mhz,072A6633,2023-08-03 19:45:25.779626Z,-26,38.936418,-74.948245,75.441,0.000
radio434mhz,4C34074B,2023-08-03 19:45:28.434925Z,-45,38.936423,-74.948217,64.197,0.000
radio434mhz,19332A07,2023-08-03 19:45:30.550055Z,-51,38.936427,-74.948198,71.635,0.000
radio434mhz,072A6633,2023-08-03 19:45:36.489844Z,-25,38.936427,-74.948151,61.996,0.000
radio434mhz,4C34074B,2023-08-03 19:45:38.650164Z,-42,38.936432,-74.948134,68.137,0.000
radio434mhz,19332A07,2023-08-03 19:45:40.719847Z,-58,38.936436,-74.948116,71.269,0.000
radio434mhz,072A6633,2023-08-03 19:45:47.200106Z,-25,38.936440,-74.948064,58.966,0.000
radio434mhz,4C34074B,2023-08-03 19:45:48.909967Z,-47,38.936441,-74.948058,60.279,0.000
radio434mhz,19332A07,2023-08-03 19:45:50.845124Z,-48,38.936448,-74.948042,59.388,0.000
radio434mhz,072A6633,2023-08-03 19:45:57.910553Z,-25,38.936473,-74.947995,64.841,0.000
radio434mhz,4C34074B,2023-08-03 19:45:59.170118Z,-44,38.936476,-74.947979,62.711,0.000
radio434mhz,19332A07,2023-08-03 19:46:01.015126Z,-49,38.936474,-74.947969,62.176,0.000
radio434mhz,072A6633,2023-08-03 19:46:08.621830Z,-25,38.936492,-74.947897,52.826,0.000
radio434mhz,4C34074B,2023-08-03 19:46:09.384716Z,-45,38.936496,-74.947891,55.732,0.000
radio434mhz,19332A07,2023-08-03 19:46:11.140416Z,-47,38.936503,-74.947875,70.425,0.000
radio434mhz,072A6633,2023-08-03 19:46:19.330561Z,-25,38.936529,-74.947823,47.791,0.000
radio434mhz,4C34074B,2023-08-03 19:46:19.645480Z,-45,38.936529,-74.947823,41.553,0.000
radio434mhz,19332A07,2023-08-03 19:46:21.265556Z,-44,38.936534,-74.947817,43.067,0.000
radio434mhz,4C34074B,2023-08-03 19:46:29.861943Z,-44,38.936577,-74.947783,36.451,0.000
radio434mhz,072A6633,2023-08-03 19:46:30.041663Z,-26,38.936577,-74.947783,36.855,0.000
radio434mhz,19332A07,2023-08-03 19:46:31.436990Z,-58,38.936587,-74.947781,35.973,0.000
radio434mhz,4C34074B,2023-08-03 19:46:40.120925Z,-49,38.936628,-74.947760,46.941,0.000
radio434mhz,072A6633,2023-08-03 19:46:40.751331Z,-26,38.936628,-74.947760,45.379,0.000
radio434mhz,19332A07,2023-08-03 19:46:41.561096Z,-47,38.936633,-74.947755,49.642,0.000
radio434mhz,4C34074B,2023-08-03 19:46:50.381426Z,-45,38.936691,-74.947728,40.578,0.000
radio434mhz,072A6633,2023-08-03 19:46:51.462481Z,-25,38.936695,-74.947725,38.139,0.000
radio434mhz,19332A07,2023-08-03 19:46:51.731260Z,-48,38.936695,-74.947725,31.224,0.000
radio434mhz,4C34074B,2023-08-03 19:47:00.596840Z,-48,38.936751,-74.947712,43.648,0.000
radio434mhz,19332A07,2023-08-03 19:47:01.901478Z,-45,38.936756,-74.947710,41.557,0.000
radio434mhz,072A6633,2023-08-03 19:47:02.171396Z,-26,38.936763,-74.947710,38.126,0.000
radio434mhz,4C34074B,2023-08-03 19:47:10.856735Z,-48,38.936803,-74.947698,44.090,0.000
radio434mhz,19332A07,2023-08-03 19:47:12.071650Z,-55,38.936813,-74.947697,43.621,0.000
radio434mhz,072A6633,2023-08-03 19:47:12.882812Z,-26,38.936813,-74.947697,40.098,0.000
radio434mhz,4C34074B,2023-08-03 19:47:21.118077Z,-45,38.936859,-74.947682,36.207,0.000
radio434mhz,19332A07,2023-08-03 19:47:22.196811Z,-56,38.936863,-74.947682,29.918,0.000
radio434mhz,072A6633,2023-08-03 19:47:23.592137Z,-25,38.936870,-74.947680,39.790,0.000
radio434mhz,4C34074B,2023-08-03 19:47:31.376944Z,-48,38.936921,-74.947661,48.469,0.000
radio434mhz,19332A07,2023-08-03 19:47:32.367098Z,-47,38.936928,-74.947658,42.759,0.000
radio434mhz,072A6633,2023-08-03 19:47:34.303339Z,-25,38.936940,-74.947654,35.856,0.000
radio434mhz,19332A07,2023-08-03 19:47:42.491399Z,-45,38.936995,-74.947637,37.953,0.000
radio434mhz,072A6633,2023-08-03 19:47:45.011873Z,-25,38.936999,-74.947642,37.934,0.000
radio434mhz,4C34074B,2023-08-03 19:47:51.852978Z,-47,38.937010,-74.947637,27.621,0.000
radio434mhz,19332A07,2023-08-03 19:47:52.662786Z,-53,38.937014,-74.947636,34.951,0.000
radio434mhz,072A6633,2023-08-03 19:47:55.723540Z,-25,38.937029,-74.947637,40.868,0.000
radio434mhz,4C34074B,2023-08-03 19:48:02.156619Z,-49,38.937060,-74.947631,37.356,0.000
radio434mhz,19332A07,2023-08-03 19:48:02.839018Z,-52,38.937060,-74.947631,41.931,0.000
radio434mhz,19332A07,2023-08-03 19:50:35.340190Z,-46,38.935570,-74.948192,21.400,0.000
radio434mhz,4C34074B,2023-08-03 19:50:36.060701Z,-42,38.935570,-74.948192,21.780,0.000
radio434mhz,072A6633,2023-08-03 19:50:36.601064Z,-25,38.935570,-74.948192,21.990,0.000
radio434mhz,19332A07,2023-08-03 19:50:45.510621Z,-48,38.935575,-74.948194,55.256,0.000
radio434mhz,4C34074B,2023-08-03 19:50:46.321317Z,-45,38.935575,-74.948194,69.533,0.000
radio434mhz,072A6633,2023-08-03 19:50:47.356396Z,-26,38.935575,-74.948194,69.648,0.000
radio434mhz,19332A07,2023-08-03 19:50:55.726463Z,-49,38.935597,-74.948217,60.168,0.000
radio434mhz,4C34074B,2023-08-03 19:50:56.626531Z,-41,38.935605,-74.948222,59.861,0.000
radio434mhz,072A6633,2023-08-03 19:50:58.111578Z,-26,38.935618,-74.948229,53.349,0.000
radio434mhz,19332A07,2023-08-03 19:51:05.896711Z,-49,38.935668,-74.948248,73.449,0.000
radio434mhz,4C34074B,2023-08-03 19:51:06.886619Z,-41,38.935675,-74.948248,76.657,0.000
radio434mhz,072A6633,2023-08-03 19:51:08.821516Z,-25,38.935690,-74.948252,74.626,0.000
radio434mhz,19332A07,2023-08-03 19:51:16.068439Z,-44,38.935746,-74.948249,85.519,0.000
radio434mhz,4C34074B,2023-08-03 19:51:17.146904Z,-41,38.935755,-74.948247,78.616,0.000
radio434mhz,072A6633,2023-08-03 19:51:19.576849Z,-25,38.935774,-74.948250,75.683,0.000
radio434mhz,19332A07,2023-08-03 19:51:26.236878Z,-45,38.935829,-74.948249,76.359,0.000
radio434mhz,4C34074B,2023-08-03 19:51:27.406978Z,-48,38.935837,-74.948249,69.305,0.000
radio434mhz,072A6633,2023-08-03 19:51:30.377119Z,-25,38.935861,-74.948252,67.026,0.000
radio434mhz,19332A07,2023-08-03 19:51:36.407079Z,-43,38.935899,-74.948247,79.203,0.000
radio434mhz,4C34074B,2023-08-03 19:51:37.667234Z,-42,38.935906,-74.948247,74.918,0.000
radio434mhz,072A6633,2023-08-03 19:51:41.087379Z,-25,38.935935,-74.948247,75.964,0.000
radio434mhz,19332A07,2023-08-03 19:51:46.622367Z,-57,38.935972,-74.948245,66.076,0.000
radio434mhz,4C34074B,2023-08-03 19:51:47.972620Z,-49,38.935979,-74.948245,60.783,0.000
radio434mhz,072A6633,2023-08-03 19:51:51.887507Z,-25,38.936005,-74.948257,67.465,0.000
radio434mhz,19332A07,2023-08-03 19:51:56.792475Z,-48,38.936040,-74.948257,54.898,0.000
radio434mhz,4C34074B,2023-08-03 19:51:58.232640Z,-46,38.936053,-74.948259,35.618,0.000
radio434mhz,072A6633,2023-08-03 19:52:02.597860Z,-25,38.936085,-74.948261,55.669,0.000
radio434mhz,19332A07,2023-08-03 19:52:07.007189Z,-51,38.936115,-74.948267,87.749,0.000
radio434mhz,4C34074B,2023-08-03 19:52:08.492453Z,-47,38.936127,-74.948270,54.393,0.000
radio434mhz,072A6633,2023-08-03 19:52:13.352932Z,-25,38.936169,-74.948274,82.671,0.000
radio434mhz,19332A07,2023-08-03 19:52:17.178077Z,-51,38.936190,-74.948281,72.176,0.000
radio434mhz,4C34074B,2023-08-03 19:52:18.798058Z,-48,38.936197,-74.948282,71.235,0.000
radio434mhz,072A6633,2023-08-03 19:52:24.107294Z,-26,38.936239,-74.948291,70.146,0.000
radio434mhz,19332A07,2023-08-03 19:52:27.349394Z,-42,38.936256,-74.948293,75.088,0.000
radio434mhz,4C34074B,2023-08-03 19:52:29.057714Z,-42,38.936275,-74.948294,77.383,0.000
radio434mhz,072A6633,2023-08-03 19:52:34.863028Z,-25,38.936312,-74.948288,86.241,0.000
radio434mhz,19332A07,2023-08-03 19:52:37.563569Z,-43,38.936324,-74.948265,81.788,0.000
radio434mhz,4C34074B,2023-08-03 19:52:39.363671Z,-43,38.936329,-74.948249,91.115,0.000
radio434mhz,072A6633,2023-08-03 19:52:45.618709Z,-25,38.936347,-74.948196,82.104,0.000
radio434mhz,19332A07,2023-08-03 19:52:47.688721Z,-48,38.936357,-74.948186,85.748,0.000
radio434mhz,4C34074B,2023-08-03 19:52:49.623858Z,-47,38.936371,-74.948179,91.053,0.000
radio434mhz,072A6633,2023-08-03 19:52:56.329061Z,-25,38.936401,-74.948123,95.176,0.000
radio434mhz,19332A07,2023-08-03 19:52:57.903852Z,-51,38.936404,-74.948115,98.717,0.000
radio434mhz,4C34074B,2023-08-03 19:52:59.885011Z,-41,38.936413,-74.948098,89.310,0.000
radio434mhz,072A6633,2023-08-03 19:53:07.083347Z,-25,38.936451,-74.948039,97.836,0.000
radio434mhz,19332A07,2023-08-03 19:53:08.073602Z,-42,38.936459,-74.948031,91.207,0.000
radio434mhz,4C34074B,2023-08-03 19:53:10.144259Z,-48,38.936469,-74.948019,111.147,0.000
radio434mhz,072A6633,2023-08-03 19:53:17.838893Z,-26,38.936486,-74.947964,91.875,0.000
radio434mhz,19332A07,2023-08-03 19:53:18.289426Z,-48,38.936492,-74.947958,92.886,0.000
radio434mhz,4C34074B,2023-08-03 19:53:20.450700Z,-44,38.936500,-74.947943,97.393,0.000
radio434mhz,19332A07,2023-08-03 19:53:28.460391Z,-44,38.936521,-74.947883,91.139,0.000
radio434mhz,072A6633,2023-08-03 19:53:28.594584Z,-25,38.936521,-74.947883,91.139,0.000
radio434mhz,4C34074B,2023-08-03 19:53:30.709655Z,-47,38.936527,-74.947867,44.160,0.000
radio434mhz,19332A07,2023-08-03 19:53:38.630080Z,-42,38.936555,-74.947812,87.449,0.000
radio434mhz,072A6633,2023-08-03 19:53:39.304929Z,-25,38.936560,-74.947809,83.798,0.000
radio434mhz,4C34074B,2023-08-03 19:53:41.014803Z,-48,38.936567,-74.947806,90.058,0.000
radio434mhz,19332A07,2023-08-03 19:53:48.845175Z,-47,38.936613,-74.947768,80.478,0.000
radio434mhz,072A6633,2023-08-03 19:53:50.063658Z,-25,38.936625,-74.947761,78.874,0.000
radio434mhz,4C34074B,2023-08-03 19:53:51.276421Z,-46,38.936632,-74.947758,74.659,0.000
radio434mhz,19332A07,2023-08-03 19:53:59.015082Z,-50,38.936677,-74.947739,75.964,0.000
radio434mhz,072A6633,2023-08-03 19:54:00.815461Z,-26,38.936694,-74.947737,74.969,0.000
radio434mhz,4C34074B,2023-08-03 19:54:01.580056Z,-42,38.936701,-74.947734,78.179,0.000
radio434mhz,19332A07,2023-08-03 19:54:09.229816Z,-48,38.936761,-74.947713,79.226,0.000
radio434mhz,072A6633,2023-08-03 19:54:11.525036Z,-25,38.936771,-74.947710,65.092,0.000
radio434mhz,4C34074B,2023-08-03 19:54:11.840577Z,-41,38.936771,-74.947710,77.667,0.000
radio434mhz,19332A07,2023-08-03 19:54:19.400663Z,-43,38.936820,-74.947695,72.970,0.000
radio434mhz,4C34074B,2023-08-03 19:54:22.144685Z,-42,38.936837,-74.947687,67.408,0.000
radio434mhz,072A6633,2023-08-03 19:54:22.235085Z,-25,38.936837,-74.947687,67.408,0.000
radio434mhz,19332A07,2023-08-03 19:54:29.615875Z,-42,38.936872,-74.947673,72.030,0.000
radio434mhz,4C34074B,2023-08-03 19:54:32.406206Z,-42,38.936889,-74.947669,62.166,0.000
radio434mhz,072A6633,2023-08-03 19:54:32.946037Z,-26,38.936889,-74.947669,71.467,0.000
radio434mhz,19332A07,2023-08-03 19:54:39.786192Z,-42,38.936933,-74.947662,74.002,0.000
radio434mhz,4C34074B,2023-08-03 19:54:42.711312Z,-47,38.936946,-74.947659,79.726,0.000
radio434mhz,072A6633,2023-08-03 19:54:43.746374Z,-25,38.936953,-74.947657,79.694,0.000
radio434mhz,19332A07,2023-08-03 19:54:50.001189Z,-54,38.936988,-74.947650,84.400,0.000
radio434mhz,4C34074B,2023-08-03 19:54:53.016439Z,-45,38.937007,-74.947647,69.242,0.000
radio434mhz,072A6633,2023-08-03 19:54:54.456042Z,-25,38.937020,-74.947643,69.053,0.000
radio434mhz,19332A07,2023-08-03 19:55:00.171391Z,-54,38.937060,-74.947641,81.815,0.000
radio434mhz,4C34074B,2023-08-03 19:55:03.321704Z,-44,38.937079,-74.947631,70.814,0.000
radio434mhz,072A6633,2023-08-03 19:55:05.165994Z,-25,38.937088,-74.947628,79.135,0.000
radio434mhz,19332A07,2023-08-03 19:55:10.386774Z,-42,38.937120,-74.947623,78.889,0.000
radio434mhz,4C34074B,2023-08-03 19:55:13.583105Z,-42,38.937138,-74.947612,76.108,0.000
radio434mhz,072A6633,2023-08-03 19:55:15.877182Z,-26,38.937151,-74.947605,82.130,0.000
radio434mhz,19332A07,2023-08-03 19:55:20.601954Z,-42,38.937171,-74.947574,77.990,0.000
radio434mhz,4C34074B,2023-08-03 19:55:23.842120Z,-42,38.937183,-74.947550,34.536,0.000
radio434mhz,072A6633,2023-08-03 19:55:26.631928Z,-25,38.937182,-74.947519,86.379,0.000
radio434mhz,19332A07,2023-08-03 19:55:30.817244Z,-48,38.937171,-74.947485,59.181,0.000
radio434mhz,4C34074B,2023-08-03 19:55:34.147316Z,-46,38.937164,-74.947453,89.620,0.000
radio434mhz,072A6633,2023-08-03 19:55:37.387390Z,-25,38.937160,-74.947427,122.618,0.000
radio434mhz,19332A07,2023-08-03 19:55:40.988873Z,-48,38.937157,-74.947401,88.381,0.000
radio434mhz,4C34074B,2023-08-03 19:55:44.452641Z,-47,38.937150,-74.947362,124.840,0.000
radio434mhz,072A6633,2023-08-03 19:55:48.054753Z,-25,38.937153,-74.947330,100.167,0.000
radio434mhz,19332A07,2023-08-03 19:55:51.157868Z,-51,38.937160,-74.947308,111.294,0.000
radio434mhz,4C34074B,2023-08-03 19:55:54.712728Z,-45,38.937168,-74.947282,93.149,0.000
radio434mhz,072A6633,2023-08-03 19:55:58.807952Z,-25,38.937173,-74.947248,86.307,0.000
radio434mhz,19332A07,2023-08-03 19:56:01.372362Z,-47,38.937181,-74.947228,79.934,0.000
radio434mhz,4C34074B,2023-08-03 19:56:05.018630Z,-42,38.937200,-74.947211,74.395,0.000
radio434mhz,072A6633,2023-08-03 19:56:09.518229Z,-26,38.937220,-74.947182,96.572,0.000
radio434mhz,19332A07,2023-08-03 19:56:11.588228Z,-51,38.937229,-74.947169,102.559,0.000
radio434mhz,4C34074B,2023-08-03 19:56:15.324744Z,-41,38.937239,-74.947149,77.640,0.000
radio434mhz,072A6633,2023-08-03 19:56:20.229600Z,-26,38.937276,-74.947154,60.998,0.000
radio434mhz,19332A07,2023-08-03 19:56:21.758377Z,-52,38.937283,-74.947155,57.631,0.000
radio434mhz,4C34074B,2023-08-03 19:56:25.629747Z,-45,38.937304,-74.947157,73.037,0.000
radio434mhz,072A6633,2023-08-03 19:56:30.983467Z,-26,38.937342,-74.947151,74.510,0.000
radio434mhz,19332A07,2023-08-03 19:56:31.973482Z,-49,38.937349,-74.947149,84.440,0.000
radio434mhz,4C34074B,2023-08-03 19:56:35.933890Z,-42,38.937372,-74.947123,72.849,0.000
radio434mhz,072A6633,2023-08-03 19:56:41.650034Z,-26,38.937404,-74.947097,71.268,0.000
radio434mhz,19332A07,2023-08-03 19:56:42.233944Z,-52,38.937411,-74.947094,73.140,0.000
radio434mhz,4C34074B,2023-08-03 19:56:46.238958Z,-45,38.937439,-74.947084,74.862,0.000
radio434mhz,072A6633,2023-08-03 19:56:52.404130Z,-25,38.937471,-74.947087,48.952,0.000
radio434mhz,19332A07,2023-08-03 19:56:52.405245Z,-43,38.937471,-74.947087,48.952,0.000
radio434mhz,4C34074B,2023-08-03 19:56:56.543494Z,-50,38.937487,-74.947107,62.397,0.000
radio434mhz,19332A07,2023-08-03 19:57:02.619303Z,-42,38.937504,-74.947150,68.086,0.000
radio434mhz,072A6633,2023-08-03 19:57:03.069947Z,-26,38.937506,-74.947153,52.740,0.000
radio434mhz,4C34074B,2023-08-03 19:57:06.804436Z,-48,38.937518,-74.947178,58.504,0.000
radio434mhz,19332A07,2023-08-03 19:57:12.834612Z,-54,38.937541,-74.947225,57.255,0.000
radio434mhz,072A6633,2023-08-03 19:57:13.779769Z,-25,38.937546,-74.947232,68.436,0.000
radio434mhz,4C34074B,2023-08-03 19:57:17.111106Z,-43,38.937563,-74.947259,66.833,0.000
radio434mhz,19332A07,2023-08-03 19:57:23.004646Z,-60,38.937583,-74.947293,61.367,0.000
radio434mhz,072A6633,2023-08-03 19:57:24.490836Z,-26,38.937591,-74.947303,69.439,0.000
radio434mhz,4C34074B,2023-08-03 19:57:27.414993Z,-45,38.937605,-74.947323,78.173,0.000
radio434mhz,19332A07,2023-08-03 19:57:33.219456Z,-54,38.937628,-74.947365,69.557,0.000
radio434mhz,072A6633,2023-08-03 19:57:35.200041Z,-26,38.937638,-74.947376,72.321,0.000
radio434mhz,4C34074B,2023-08-03 19:57:37.765416Z,-47,38.937647,-74.947391,74.901,0.000
radio434mhz,19332A07,2023-08-03 19:57:43.435223Z,-72,38.937661,-74.947430,50.571,0.000
radio434mhz,072A6633,2023-08-03 19:57:45.916059Z,-25,38.937660,-74.947447,66.003,0.000
radio434mhz,4C34074B,2023-08-03 19:57:48.025080Z,-39,38.937659,-74.947464,89.860,0.000
radio434mhz,19332A07,2023-08-03 19:57:53.650488Z,-55,38.937700,-74.947476,90.787,0.000
radio434mhz,072A6633,2023-08-03 19:57:56.620457Z,-25,38.937720,-74.947485,104.374,0.000
radio434mhz,4C34074B,2023-08-03 19:57:58.375539Z,-48,38.937735,-74.947490,98.985,0.000
radio434mhz,19332A07,2023-08-03 19:58:03.866049Z,-50,38.937762,-74.947498,88.842,0.000
radio434mhz,072A6633,2023-08-03 19:58:07.332009Z,-25,38.937784,-74.947505,91.317,0.000
radio434mhz,4C34074B,2023-08-03 19:58:08.635701Z,-52,38.937790,-74.947506,104.018,0.000
radio434mhz,19332A07,2023-08-03 19:58:14.081070Z,-52,38.937829,-74.947514,91.926,0.000
radio434mhz,072A6633,2023-08-03 19:58:18.085135Z,-25,38.937855,-74.947528,105.452,0.000
radio434mhz,4C34074B,2023-08-03 19:58:18.986079Z,-50,38.937855,-74.947528,107.251,0.000
radio434mhz,19332A07,2023-08-03 19:58:24.295654Z,-41,38.937897,-74.947536,130.158,0.000
radio434mhz,072A6633,2023-08-03 19:58:28.752408Z,-25,38.937925,-74.947536,131.263,0.000
radio434mhz,4C34074B,2023-08-03 19:58:29.291112Z,-40,38.937933,-74.947535,125.139,0.000
radio434mhz,19332A07,2023-08-03 19:58:34.466594Z,-60,38.937968,-74.947530,106.732,0.000
radio434mhz,072A6633,2023-08-03 19:58:39.506418Z,-25,38.938002,-74.947526,119.781,0.000
radio434mhz,4C34074B,2023-08-03 19:58:39.596482Z,-47,38.938002,-74.947526,121.009,0.000
radio434mhz,19332A07,2023-08-03 19:58:44.681772Z,-41,38.938040,-74.947527,135.532,0.000
radio434mhz,4C34074B,2023-08-03 19:58:49.901657Z,-50,38.938078,-74.947515,127.634,0.000
radio434mhz,072A6633,2023-08-03 19:58:50.216768Z,-25,38.938086,-74.947516,138.614,0.000
radio434mhz,19332A07,2023-08-03 19:58:54.941823Z,-59,38.938108,-74.947502,85.657,0.000
radio434mhz,4C34074B,2023-08-03 19:59:00.206339Z,-47,38.938139,-74.947461,15.439,0.000
radio434mhz,072A6633,2023-08-03 19:59:00.926870Z,-25,38.938139,-74.947461,14.160,0.000
radio434mhz,19332A07,2023-08-03 19:59:05.111958Z,-54,38.938114,-74.947409,16.708,0.000
radio434mhz,4C34074B,2023-08-03 19:59:10.511538Z,-50,38.938097,-74.947364,18.927,0.000
radio434mhz,072A6633,2023-08-03 19:59:11.637073Z,-26,38.938093,-74.947357,10.430,0.000
radio434mhz,19332A07,2023-08-03 19:59:15.372331Z,-58,38.938075,-74.947332,23.795,0.000
radio434mhz,4C34074B,2023-08-03 19:59:20.861928Z,-55,38.938045,-74.947307,25.229,0.000
radio434mhz,072A6633,2023-08-03 19:59:22.347353Z,-25,38.938034,-74.947296,36.474,0.000
radio434mhz,19332A07,2023-08-03 19:59:25.587282Z,-53,38.938021,-74.947273,42.405,0.000
radio434mhz,4C34074B,2023-08-03 19:59:31.167863Z,-54,38.938019,-74.947239,149.462,0.000
radio434mhz,072A6633,2023-08-03 19:59:33.056395Z,-25,38.938021,-74.947236,100.049,0.000
radio434mhz,19332A07,2023-08-03 19:59:35.802308Z,-50,38.938027,-74.947213,86.240,0.000
radio434mhz,4C34074B,2023-08-03 19:59:41.517710Z,-45,38.938049,-74.947177,78.772,0.000
radio434mhz,072A6633,2023-08-03 19:59:43.767978Z,-26,38.938042,-74.947160,96.764,0.000
radio434mhz,19332A07,2023-08-03 19:59:46.018048Z,-50,38.938041,-74.947141,82.114,0.000
radio434mhz,4C34074B,2023-08-03 19:59:51.823068Z,-47,38.938049,-74.947106,79.820,0.000
radio434mhz,072A6633,2023-08-03 19:59:54.478147Z,-26,38.938067,-74.947088,82.490,0.000
radio434mhz,19332A07,2023-08-03 19:59:56.280553Z,-41,38.938076,-74.947077,89.454,0.000
radio434mhz,4C34074B,2023-08-03 20:00:02.128411Z,-38,38.938086,-74.947047,71.987,0.000
radio434mhz,072A6633,2023-08-03 20:00:05.233540Z,-25,38.938096,-74.947030,105.078,0.000
radio434mhz,19332A07,2023-08-03 20:00:06.448422Z,-46,38.938103,-74.947023,102.318,0.000
radio434mhz,4C34074B,2023-08-03 20:00:12.478621Z,-47,38.938121,-74.947010,95.643,0.000
radio434mhz,072A6633,2023-08-03 20:00:15.942954Z,-26,38.938131,-74.947000,59.228,0.000
radio434mhz,19332A07,2023-08-03 20:00:16.708616Z,-50,38.938133,-74.946996,68.865,0.000
radio434mhz,4C34074B,2023-08-03 20:00:22.783853Z,-42,38.938141,-74.946946,81.111,0.000
radio434mhz,072A6633,2023-08-03 20:00:26.653272Z,-25,38.938157,-74.946929,83.051,0.000
radio434mhz,19332A07,2023-08-03 20:00:26.923034Z,-54,38.938157,-74.946929,95.757,0.000
radio434mhz,4C34074B,2023-08-03 20:00:33.134188Z,-46,38.938160,-74.946879,114.727,0.000
radio434mhz,19332A07,2023-08-03 20:00:37.183445Z,-53,38.938140,-74.946840,99.678,0.000
radio434mhz,072A6633,2023-08-03 20:00:37.364026Z,-25,38.938140,-74.946840,101.278,0.000
radio434mhz,4C34074B,2023-08-03 20:00:43.439048Z,-45,38.938156,-74.946782,87.643,0.000
radio434mhz,19332A07,2023-08-03 20:00:47.354324Z,-48,38.938156,-74.946760,68.461,0.000
radio434mhz,072A6633,2023-08-03 20:00:48.074392Z,-25,38.938154,-74.946757,60.537,0.000
radio434mhz,4C34074B,2023-08-03 20:00:53.789517Z,-44,38.938150,-74.946732,118.639,0.000
radio434mhz,19332A07,2023-08-03 20:00:57.614433Z,-47,38.938136,-74.946692,28.410,0.000
radio434mhz,072A6633,2023-08-03 20:00:58.784687Z,-25,38.938135,-74.946687,92.629,0.000
radio434mhz,4C34074B,2023-08-03 20:01:04.095037Z,-43,38.938116,-74.946648,93.609,0.000
radio434mhz,19332A07,2023-08-03 20:01:07.829127Z,-48,38.938112,-74.946623,60.331,0.000
radio434mhz,072A6633,2023-08-03 20:01:09.494278Z,-26,38.938115,-74.946612,57.537,0.000
radio434mhz,4C34074B,2023-08-03 20:01:14.399933Z,-42,38.938145,-74.946581,84.753,0.000
radio434mhz,19332A07,2023-08-03 20:01:18.090068Z,-47,38.938127,-74.946555,142.088,0.000
radio434mhz,072A6633,2023-08-03 20:01:20.160132Z,-25,38.938120,-74.946547,70.892,0.000
radio434mhz,4C34074B,2023-08-03 20:01:24.751286Z,-40,38.938124,-74.946512,153.303,0.000
radio434mhz,19332A07,2023-08-03 20:01:28.305137Z,-48,38.938106,-74.946474,109.965,0.000
radio434mhz,072A6633,2023-08-03 20:01:30.914982Z,-25,38.938088,-74.946473,315.952,0.000
radio434mhz,4C34074B,2023-08-03 20:01:35.100421Z,-40,38.938050,-74.946445,343.348,0.000
radio434mhz,19332A07,2023-08-03 20:01:38.519644Z,-48,38.938027,-74.946451,329.621,0.000
radio434mhz,072A6633,2023-08-03 20:01:41.580416Z,-25,38.938002,-74.946435,341.084,0.000
radio434mhz,4C34074B,2023-08-03 20:01:45.405638Z,-45,38.937986,-74.946413,47.819,0.000
radio434mhz,19332A07,2023-08-03 20:01:48.736314Z,-50,38.937967,-74.946406,334.744,0.000
radio434mhz,072A6633,2023-08-03 20:01:52.290820Z,-26,38.937930,-74.946402,19.298,0.000
radio434mhz,4C34074B,2023-08-03 20:01:55.800952Z,-43,38.937896,-74.946412,311.604,0.000
radio434mhz,19332A07,2023-08-03 20:01:58.995984Z,-50,38.937872,-74.946415,151.363,0.000
radio434mhz,072A6633,2023-08-03 20:02:03.001217Z,-25,38.937851,-74.946394,134.255,0.000
radio434mhz,4C34074B,2023-08-03 20:02:06.106417Z,-47,38.937829,-74.946379,80.276,0.000
radio434mhz,19332A07,2023-08-03 20:02:09.210367Z,-51,38.937818,-74.946378,32.696,0.000
radio434mhz,072A6633,2023-08-03 20:02:13.711218Z,-25,38.937789,-74.946370,172.761,0.000
radio434mhz,4C34074B,2023-08-03 20:02:16.455530Z,-43,38.937773,-74.946362,104.389,0.000
radio434mhz,19332A07,2023-08-03 20:02:19.426562Z,-51,38.937758,-74.946369,32.991,0.000
radio434mhz,072A6633,2023-08-03 20:02:24.421534Z,-25,38.937727,-74.946403,13.562,0.000
radio434mhz,4C34074B,2023-08-03 20:02:26.761391Z,-42,38.937719,-74.946414,37.023,0.000
radio434mhz,19332A07,2023-08-03 20:02:29.686790Z,-50,38.937700,-74.946427,48.265,0.000
radio434mhz,072A6633,2023-08-03 20:02:35.086047Z,-26,38.937664,-74.946415,118.958,0.000
radio434mhz,4C34074B,2023-08-03 20:02:37.111845Z,-41,38.937653,-74.946402,101.896,0.000
radio434mhz,19332A07,2023-08-03 20:02:39.901575Z,-49,38.937644,-74.946388,100.348,0.000
radio434mhz,072A6633,2023-08-03 20:02:45.797916Z,-26,38.937606,-74.946347,121.556,0.000
radio434mhz,4C34074B,2023-08-03 20:02:47.417536Z,-50,38.937595,-74.946344,115.045,0.000
radio434mhz,19332A07,2023-08-03 20:02:50.161682Z,-46,38.937581,-74.946332,119.041,0.000
radio434mhz,072A6633,2023-08-03 20:02:56.551952Z,-26,38.937560,-74.946298,148.771,0.000
radio434mhz,4C34074B,2023-08-03 20:02:57.767527Z,-54,38.937554,-74.946292,84.079,0.000
radio434mhz,19332A07,2023-08-03 20:03:00.377057Z,-55,38.937542,-74.946285,4.664,0.000
radio434mhz,072A6633,2023-08-03 20:03:07.217419Z,-25,38.937510,-74.946259,122.287,0.000
radio434mhz,4C34074B,2023-08-03 20:03:08.117301Z,-49,38.937505,-74.946255,137.451,0.000
radio434mhz,19332A07,2023-08-03 20:03:10.636841Z,-52,38.937497,-74.946250,41.213,0.000
radio434mhz,072A6633,2023-08-03 20:03:17.926994Z,-25,38.937463,-74.946212,45.722,0.000
radio434mhz,4C34074B,2023-08-03 20:03:18.467019Z,-46,38.937458,-74.946202,32.992,0.000
radio434mhz,19332A07,2023-08-03 20:03:20.853857Z,-49,38.937451,-74.946191,78.856,0.000
radio434mhz,072A6633,2023-08-03 20:03:28.592765Z,-25,38.937409,-74.946145,108.867,0.000
radio434mhz,4C34074B,2023-08-03 20:03:28.819491Z,-45,38.937409,-74.946145,105.868,0.000
radio434mhz,19332A07,2023-08-03 20:03:31.112889Z,-46,38.937406,-74.946121,17.971,0.000
radio434mhz,4C34074B,2023-08-03 20:03:39.123340Z,-42,38.937393,-74.946073,120.439,0.000
radio434mhz,072A6633,2023-08-03 20:03:39.347919Z,-25,38.937393,-74.946073,98.928,0.000
radio434mhz,19332A07,2023-08-03 20:03:41.327884Z,-53,38.937389,-74.946064,69.202,0.000
radio434mhz,4C34074B,2023-08-03 20:03:49.474484Z,-42,38.937339,-74.946069,18.013,0.000
radio434mhz,072A6633,2023-08-03 20:03:50.013159Z,-25,38.937339,-74.946069,22.937,0.000
radio434mhz,19332A07,2023-08-03 20:03:51.588410Z,-58,38.937323,-74.946074,16.100,0.000
radio434mhz,4C34074B,2023-08-03 20:03:59.823458Z,-45,38.937265,-74.946083,32.713,0.000
radio434mhz,072A6633,2023-08-03 20:04:00.723461Z,-25,38.937258,-74.946085,27.429,0.000
radio434mhz,19332A07,2023-08-03 20:04:01.803681Z,-40,38.937253,-74.946086,138.525,0.000
radio434mhz,4C34074B,2023-08-03 20:04:10.173839Z,-53,38.937200,-74.946091,42.226,0.000
radio434mhz,072A6633,2023-08-03 20:04:11.433526Z,-26,38.937194,-74.946094,8.676,0.000
radio434mhz,19332A07,2023-08-03 20:04:12.062784Z,-48,38.937187,-74.946097,96.546,0.000
radio434mhz,4C34074B,2023-08-03 20:04:20.523810Z,-55,38.937144,-74.946134,137.757,0.000
radio434mhz,072A6633,2023-08-03 20:04:22.100099Z,-25,38.937129,-74.946141,45.591,0.000
radio434mhz,19332A07,2023-08-03 20:04:22.325253Z,-42,38.937129,-74.946141,40.435,0.000
radio434mhz,4C34074B,2023-08-03 20:04:30.833380Z,-49,38.937081,-74.946135,22.468,0.000
radio434mhz,19332A07,2023-08-03 20:04:32.539157Z,-48,38.937072,-74.946129,35.606,0.000
radio434mhz,072A6633,2023-08-03 20:04:32.809083Z,-25,38.937072,-74.946129,34.623,0.000
radio434mhz,4C34074B,2023-08-03 20:04:41.224330Z,-45,38.937045,-74.946132,9.047,0.000
radio434mhz,19332A07,2023-08-03 20:04:42.798697Z,-49,38.937045,-74.946132,10.652,0.000
radio434mhz,072A6633,2023-08-03 20:04:43.518610Z,-26,38.937045,-74.946132,11.381,0.000
radio434mhz,4C34074B,2023-08-03 20:04:51.619617Z,-47,38.937045,-74.946132,21.680,0.000
radio434mhz,19332A07,2023-08-03 20:04:53.063031Z,-60,38.937045,-74.946132,42.866,0.000
radio434mhz,072A6633,2023-08-03 20:04:54.184460Z,-25,38.937047,-74.946126,120.065,0.000
radio434mhz,4C34074B,2023-08-03 20:05:01.879783Z,-42,38.937053,-74.946137,50.962,0.000
radio434mhz,19332A07,2023-08-03 20:05:03.321581Z,-49,38.937062,-74.946137,51.152,0.000
radio434mhz,072A6633,2023-08-03 20:05:04.894725Z,-25,38.937070,-74.946139,46.070,0.000
radio434mhz,4C34074B,2023-08-03 20:05:12.276669Z,-49,38.937076,-74.946141,84.510,0.000
radio434mhz,19332A07,2023-08-03 20:05:13.534529Z,-54,38.937076,-74.946141,81.838,0.000
radio434mhz,072A6633,2023-08-03 20:05:15.605046Z,-25,38.937076,-74.946141,83.665,0.000
radio434mhz,4C34074B,2023-08-03 20:05:22.625438Z,-48,38.937076,-74.946141,85.148,0.000
radio434mhz,19332A07,2023-08-03 20:05:23.795223Z,-54,38.937076,-74.946141,84.805,0.000
radio434mhz,072A6633,2023-08-03 20:05:26.271630Z,-25,38.937076,-74.946141,84.902,0.000
radio434mhz,4C34074B,2023-08-03 20:05:32.930578Z,-52,38.937076,-74.946141,79.242,0.000
radio434mhz,19332A07,2023-08-03 20:05:34.055206Z,-63,38.937076,-74.946141,87.031,0.000
radio434mhz,072A6633,2023-08-03 20:05:36.981681Z,-26,38.937076,-74.946141,87.981,0.000
radio434mhz,4C34074B,2023-08-03 20:05:43.280770Z,-54,38.937076,-74.946141,91.847,0.000
radio434mhz,19332A07,2023-08-03 20:05:44.270674Z,-53,38.937076,-74.946141,102.407,0.000
radio434mhz,072A6633,2023-08-03 20:05:47.690861Z,-25,38.937087,-74.946148,55.326,0.000
radio434mhz,4C34074B,2023-08-03 20:05:53.632073Z,-42,38.937120,-74.946147,52.305,0.000
radio434mhz,19332A07,2023-08-03 20:05:54.530767Z,-45,38.937124,-74.946147,51.494,0.000
radio434mhz,072A6633,2023-08-03 20:05:58.400838Z,-25,38.937142,-74.946143,44.743,0.000
radio434mhz,4C34074B,2023-08-03 20:06:03.981086Z,-44,38.937156,-74.946123,55.617,0.000
radio434mhz,19332A07,2023-08-03 20:06:04.791303Z,-48,38.937160,-74.946122,51.143,0.000
radio434mhz,072A6633,2023-08-03 20:06:09.065453Z,-25,38.937198,-74.946109,54.867,0.000
radio434mhz,4C34074B,2023-08-03 20:06:14.331381Z,-42,38.937225,-74.946100,42.852,0.000
radio434mhz,19332A07,2023-08-03 20:06:15.050267Z,-47,38.937230,-74.946098,45.760,0.000
radio434mhz,072A6633,2023-08-03 20:06:19.821513Z,-25,38.937246,-74.946097,57.527,0.000
radio434mhz,4C34074B,2023-08-03 20:06:24.681502Z,-41,38.937275,-74.946102,63.276,0.000
radio434mhz,19332A07,2023-08-03 20:06:25.265955Z,-54,38.937277,-74.946104,64.149,0.000
radio434mhz,072A6633,2023-08-03 20:06:30.486307Z,-26,38.937310,-74.946086,69.158,0.000
radio434mhz,4C34074B,2023-08-03 20:06:35.031496Z,-42,38.937335,-74.946081,71.636,0.000
radio434mhz,19332A07,2023-08-03 20:06:35.526595Z,-49,38.937341,-74.946080,69.070,0.000
radio434mhz,072A6633,2023-08-03 20:06:41.196565Z,-25,38.937372,-74.946069,75.435,0.000
radio434mhz,4C34074B,2023-08-03 20:06:45.381037Z,-41,38.937384,-74.946060,87.187,0.000
radio434mhz,19332A07,2023-08-03 20:06:45.786117Z,-44,38.937384,-74.946060,85.712,0.000
radio434mhz,072A6633,2023-08-03 20:06:51.906797Z,-25,38.937417,-74.946005,63.257,0.000
radio434mhz,4C34074B,2023-08-03 20:06:55.731946Z,-49,38.937432,-74.946002,63.058,0.000
radio434mhz,19332A07,2023-08-03 20:06:56.046198Z,-50,38.937432,-74.946002,68.211,0.000
radio434mhz,072A6633,2023-08-03 20:07:02.617335Z,-25,38.937459,-74.945972,49.758,0.000
radio434mhz,4C34074B,2023-08-03 20:07:06.082562Z,-48,38.937488,-74.945956,45.874,0.000
radio434mhz,19332A07,2023-08-03 20:07:06.309312Z,-53,38.937488,-74.945956,48.879,0.000
radio434mhz,072A6633,2023-08-03 20:07:13.327518Z,-26,38.937531,-74.945940,61.553,0.000
radio434mhz,4C34074B,2023-08-03 20:07:16.432620Z,-46,38.937547,-74.945928,56.457,0.000
radio434mhz,19332A07,2023-08-03 20:07:16.521236Z,-47,38.937547,-74.945928,52.700,0.000
radio434mhz,072A6633,2023-08-03 20:07:24.036296Z,-25,38.937591,-74.945920,67.988,0.000
radio434mhz,4C34074B,2023-08-03 20:07:26.783012Z,-45,38.937604,-74.945912,67.220,0.000
radio434mhz,072A6633,2023-08-03 20:07:34.748017Z,-26,38.937641,-74.945866,78.230,0.000
radio434mhz,19332A07,2023-08-03 20:07:36.997941Z,-46,38.937643,-74.945857,80.279,0.000
radio434mhz,4C34074B,2023-08-03 20:07:37.134187Z,-42,38.937647,-74.945850,79.780,0.000
radio434mhz,072A6633,2023-08-03 20:07:45.457303Z,-25,38.937650,-74.945778,20.929,0.000
radio434mhz,19332A07,2023-08-03 20:07:47.258170Z,-53,38.937624,-74.945772,349.147,0.000
radio434mhz,4C34074B,2023-08-03 20:07:47.527591Z,-46,38.937624,-74.945772,45.765,0.000
radio434mhz,072A6633,2023-08-03 20:07:56.168417Z,-25,38.937597,-74.945700,107.202,0.000
radio434mhz,19332A07,2023-08-03 20:07:57.519764Z,-46,38.937591,-74.945693,116.049,0.000
radio434mhz,4C34074B,2023-08-03 20:07:57.879563Z,-40,38.937591,-74.945693,98.193,0.000
radio434mhz,072A6633,2023-08-03 20:08:06.833757Z,-25,38.937559,-74.945637,27.794,0.000
radio434mhz,19332A07,2023-08-03 20:08:07.778931Z,-48,38.937551,-74.945631,3.031,0.000
radio434mhz,4C34074B,2023-08-03 20:08:08.228735Z,-39,38.937545,-74.945628,105.168,0.000
radio434mhz,072A6633,2023-08-03 20:08:17.544789Z,-26,38.937532,-74.945601,78.877,0.000
radio434mhz,19332A07,2023-08-03 20:08:18.038554Z,-50,38.937532,-74.945601,87.104,0.000
radio434mhz,4C34074B,2023-08-03 20:08:18.578403Z,-41,38.937527,-74.945600,107.276,0.000
radio434mhz,19332A07,2023-08-03 20:08:28.255413Z,-43,38.937482,-74.945552,67.780,0.000
radio434mhz,4C34074B,2023-08-03 20:08:28.929232Z,-48,38.937482,-74.945552,73.136,0.000
radio434mhz,19332A07,2023-08-03 20:08:38.514695Z,-53,38.937441,-74.945471,104.257,0.000
radio434mhz,072A6633,2023-08-03 20:08:38.964272Z,-26,38.937441,-74.945471,78.643,0.000
radio434mhz,4C34074B,2023-08-03 20:08:39.280944Z,-47,38.937436,-74.945464,127.526,0.000
radio434mhz,19332A07,2023-08-03 20:08:48.775326Z,-57,38.937406,-74.945426,15.932,0.000
radio434mhz,072A6633,2023-08-03 20:08:49.629601Z,-25,38.937403,-74.945425,168.124,0.000
radio434mhz,4C34074B,2023-08-03 20:08:49.674819Z,-42,38.937403,-74.945425,168.124,0.000
radio434mhz,19332A07,2023-08-03 20:08:59.079870Z,-40,38.937393,-74.945387,85.188,0.000
radio434mhz,4C34074B,2023-08-03 20:09:00.024565Z,-37,38.937393,-74.945387,97.254,0.000
radio434mhz,072A6633,2023-08-03 20:09:00.339918Z,-26,38.937394,-74.945390,95.015,0.000
radio434mhz,19332A07,2023-08-03 20:09:09.295031Z,-58,38.937389,-74.945357,66.556,0.000
radio434mhz,4C34074B,2023-08-03 20:09:10.374784Z,-48,38.937391,-74.945358,64.315,0.000
radio434mhz,072A6633,2023-08-03 20:09:11.048597Z,-26,38.937392,-74.945349,58.765,0.000
radio434mhz,19332A07,2023-08-03 20:09:19.554306Z,-41,38.937394,-74.945299,37.106,0.000
radio434mhz,4C34074B,2023-08-03 20:09:20.725065Z,-42,38.937389,-74.945290,61.204,0.000
radio434mhz,072A6633,2023-08-03 20:09:21.715223Z,-26,38.937384,-74.945291,147.840,0.000
radio434mhz,19332A07,2023-08-03 20:09:29.816532Z,-47,38.937348,-74.945272,155.281,0.000
radio434mhz,4C34074B,2023-08-03 20:09:31.120355Z,-49,38.937338,-74.945264,87.103,0.000
radio434mhz,072A6633,2023-08-03 20:09:32.426602Z,-25,38.937333,-74.945256,56.300,0.000
radio434mhz,19332A07,2023-08-03 20:09:40.074761Z,-58,38.937363,-74.945225,44.837,0.000
radio434mhz,4C34074B,2023-08-03 20:09:41.469843Z,-48,38.937374,-74.945219,41.404,0.000
radio434mhz,072A6633,2023-08-03 20:09:43.135579Z,-26,38.937379,-74.945213,57.503,0.000
radio434mhz,19332A07,2023-08-03 20:09:50.335652Z,-50,38.937377,-74.945184,69.571,0.000
radio434mhz,4C34074B,2023-08-03 20:09:51.820828Z,-58,38.937376,-74.945180,75.954,0.000
radio434mhz,072A6633,2023-08-03 20:09:53.800865Z,-25,38.937372,-74.945179,36.057,0.000
radio434mhz,19332A07,2023-08-03 20:10:00.640994Z,-40,38.937352,-74.945218,172.005,0.000
radio434mhz,4C34074B,2023-08-03 20:10:02.170989Z,-54,38.937335,-74.945228,356.560,0.000
radio434mhz,072A6633,2023-08-03 20:10:04.510598Z,-25,38.937335,-74.945252,12.837,0.000
radio434mhz,19332A07,2023-08-03 20:10:10.856919Z,-53,38.937367,-74.945294,55.864,0.000
radio434mhz,4C34074B,2023-08-03 20:10:12.521103Z,-42,38.937376,-74.945308,45.575,0.000
radio434mhz,072A6633,2023-08-03 20:10:15.175887Z,-26,38.937388,-74.945317,43.618,0.000
radio434mhz,19332A07,2023-08-03 20:10:21.160544Z,-56,38.937414,-74.945334,10.622,0.000
radio434mhz,4C34074B,2023-08-03 20:10:22.915812Z,-59,38.937416,-74.945341,1.508,0.000
radio434mhz,072A6633,2023-08-03 20:10:25.841646Z,-25,38.937402,-74.945355,341.441,0.000
radio434mhz,19332A07,2023-08-03 20:10:31.376637Z,-46,38.937379,-74.945396,7.167,0.000
radio434mhz,4C34074B,2023-08-03 20:10:33.221733Z,-48,38.937387,-74.945412,4.309,0.000
radio434mhz,072A6633,2023-08-03 20:10:36.551806Z,-25,38.937390,-74.945424,10.854,0.000
radio434mhz,19332A07,2023-08-03 20:10:41.636655Z,-42,38.937408,-74.945456,9.148,0.000
radio434mhz,4C34074B,2023-08-03 20:10:43.616859Z,-62,38.937417,-74.945461,17.758,0.000
radio434mhz,072A6633,2023-08-03 20:10:47.217487Z,-25,38.937435,-74.945472,9.393,0.000
radio434mhz,19332A07,2023-08-03 20:10:51.897564Z,-44,38.937449,-74.945488,13.951,0.000
radio434mhz,4C34074B,2023-08-03 20:10:53.923457Z,-48,38.937458,-74.945509,9.465,0.000
radio434mhz,072A6633,2023-08-03 20:10:57.927331Z,-25,38.937471,-74.945541,12.979,0.000
radio434mhz,19332A07,2023-08-03 20:11:02.157259Z,-48,38.937484,-74.945568,0.847,0.000
radio434mhz,4C34074B,2023-08-03 20:11:04.318514Z,-47,38.937494,-74.945590,4.062,0.000
radio434mhz,072A6633,2023-08-03 20:11:08.592567Z,-25,38.937513,-74.945607,31.243,0.000
radio434mhz,19332A07,2023-08-03 20:11:12.417944Z,-45,38.937532,-74.945628,352.081,0.000
radio434mhz,4C34074B,2023-08-03 20:11:14.712833Z,-72,38.937536,-74.945642,11.456,0.000
radio434mhz,072A6633,2023-08-03 20:11:19.302741Z,-25,38.937571,-74.945663,20.549,0.000
radio434mhz,19332A07,2023-08-03 20:11:22.677822Z,-50,38.937578,-74.945680,18.839,0.000
radio434mhz,4C34074B,2023-08-03 20:11:25.017975Z,-45,38.937584,-74.945695,16.226,0.000
radio434mhz,072A6633,2023-08-03 20:11:30.012331Z,-26,38.937595,-74.945740,22.564,0.000
radio434mhz,19332A07,2023-08-03 20:11:32.938136Z,-44,38.937600,-74.945766,23.151,0.000
radio434mhz,4C34074B,2023-08-03 20:11:35.412261Z,-55,38.937619,-74.945786,38.729,0.000
radio434mhz,072A6633,2023-08-03 20:11:40.678282Z,-25,38.937657,-74.945791,47.532,0.000
radio434mhz,19332A07,2023-08-03 20:11:43.198287Z,-45,38.937683,-74.945777,55.017,0.000
radio434mhz,4C34074B,2023-08-03 20:11:45.769336Z,-42,38.937699,-74.945771,56.315,0.000
radio434mhz,072A6633,2023-08-03 20:11:51.389617Z,-25,38.937730,-74.945753,66.419,0.000
radio434mhz,19332A07,2023-08-03 20:11:53.456912Z,-40,38.937748,-74.945752,66.413,0.000
radio434mhz,4C34074B,2023-08-03 20:11:56.115862Z,-44,38.937765,-74.945742,65.062,0.000
radio434mhz,072A6633,2023-08-03 20:12:02.052520Z,-25,38.937807,-74.945722,65.985,0.000
radio434mhz,19332A07,2023-08-03 20:12:03.718790Z,-55,38.937813,-74.945718,67.386,0.000
radio434mhz,4C34074B,2023-08-03 20:12:06.463793Z,-42,38.937838,-74.945714,69.105,0.000
radio434mhz,072A6633,2023-08-03 20:12:12.763650Z,-25,38.937869,-74.945703,55.911,0.000
radio434mhz,19332A07,2023-08-03 20:12:13.979035Z,-47,38.937876,-74.945705,54.184,0.000
radio434mhz,4C34074B,2023-08-03 20:12:16.858775Z,-43,38.937891,-74.945711,45.949,0.000
radio434mhz,072A6633,2023-08-03 20:12:23.429071Z,-25,38.937948,-74.945729,66.552,0.000
radio434mhz,19332A07,2023-08-03 20:12:24.238915Z,-50,38.937954,-74.945737,59.374,0.000
radio434mhz,4C34074B,2023-08-03 20:12:27.209002Z,-42,38.937976,-74.945738,60.149,0.000
radio434mhz,072A6633,2023-08-03 20:12:34.139270Z,-25,38.938027,-74.945753,56.847,0.000
radio434mhz,19332A07,2023-08-03 20:12:34.499337Z,-54,38.938027,-74.945753,56.751,0.000
radio434mhz,4C34074B,2023-08-03 20:12:37.559407Z,-41,38.938046,-74.945748,66.434,0.000
radio434mhz,19332A07,2023-08-03 20:12:44.759541Z,-43,38.938084,-74.945693,82.801,0.000
radio434mhz,072A6633,2023-08-03 20:12:44.804696Z,-25,38.938084,-74.945693,82.801,0.000
radio434mhz,4C34074B,2023-08-03 20:12:47.910386Z,-39,38.938099,-74.945673,82.156,0.000
radio434mhz,19332A07,2023-08-03 20:12:55.019789Z,-42,38.938135,-74.945616,79.628,0.000
radio434mhz,072A6633,2023-08-03 20:12:55.514084Z,-26,38.938139,-74.945609,88.157,0.000
radio434mhz,4C34074B,2023-08-03 20:12:58.305071Z,-39,38.938154,-74.945585,79.899,0.000
radio434mhz,19332A07,2023-08-03 20:13:05.278978Z,-48,38.938194,-74.945549,76.069,0.000
radio434mhz,072A6633,2023-08-03 20:13:06.179642Z,-25,38.938199,-74.945544,78.157,0.000
radio434mhz,4C34074B,2023-08-03 20:13:08.655051Z,-48,38.938212,-74.945530,66.099,0.000
radio434mhz,19332A07,2023-08-03 20:13:15.539648Z,-42,38.938254,-74.945488,88.656,0.000
radio434mhz,072A6633,2023-08-03 20:13:16.890281Z,-25,38.938261,-74.945479,100.911,0.000
radio434mhz,4C34074B,2023-08-03 20:13:19.004491Z,-42,38.938263,-74.945458,96.039,0.000
radio434mhz,19332A07,2023-08-03 20:13:25.800669Z,-44,38.938255,-74.945382,146.887,0.000
radio434mhz,072A6633,2023-08-03 20:13:27.554756Z,-25,38.938249,-74.945359,64.903,0.000
radio434mhz,4C34074B,2023-08-03 20:13:29.353977Z,-43,38.938246,-74.945341,83.674,0.000
radio434mhz,19332A07,2023-08-03 20:13:36.106741Z,-47,38.938242,-74.945264,122.390,0.000
radio434mhz,072A6633,2023-08-03 20:13:38.267664Z,-26,38.938243,-74.945240,97.215,0.000
radio434mhz,4C34074B,2023-08-03 20:13:39.750664Z,-42,38.938242,-74.945230,84.975,0.000
radio434mhz,19332A07,2023-08-03 20:13:46.320986Z,-42,38.938235,-74.945148,91.326,0.000
radio434mhz,072A6633,2023-08-03 20:13:48.930837Z,-25,38.938233,-74.945121,53.201,0.000
radio434mhz,4C34074B,2023-08-03 20:13:50.100817Z,-40,38.938234,-74.945076,4.928,0.000
radio434mhz,19332A07,2023-08-03 20:13:56.625851Z,-47,38.938176,-74.945072,0.686,0.000
radio434mhz,072A6633,2023-08-03 20:13:59.640878Z,-25,38.938147,-74.945066,42.544,0.000
radio434mhz,4C34074B,2023-08-03 20:14:00.450557Z,-48,38.938138,-74.945063,296.354,0.000
radio434mhz,19332A07,2023-08-03 20:14:06.885744Z,-57,38.938083,-74.945056,312.692,0.000
radio434mhz,072A6633,2023-08-03 20:14:10.307367Z,-25,38.938047,-74.945046,44.185,0.000
radio434mhz,4C34074B,2023-08-03 20:14:10.846121Z,-43,38.938047,-74.945046,40.329,0.000
radio434mhz,19332A07,2023-08-03 20:14:17.146027Z,-55,38.937990,-74.945043,310.748,0.000
radio434mhz,072A6633,2023-08-03 20:14:21.016288Z,-25,38.937966,-74.945039,299.811,0.000
radio434mhz,4C34074B,2023-08-03 20:14:21.196150Z,-53,38.937956,-74.945039,65.863,0.000
radio434mhz,19332A07,2023-08-03 20:14:27.406394Z,-43,38.937903,-74.945035,328.179,0.000
radio434mhz,4C34074B,2023-08-03 20:14:31.591442Z,-42,38.937865,-74.945030,327.047,0.000
radio434mhz,072A6633,2023-08-03 20:14:31.681529Z,-25,38.937865,-74.945030,327.047,0.000
radio434mhz,19332A07,2023-08-03 20:14:37.666589Z,-53,38.937819,-74.945008,108.753,0.000
radio434mhz,072A6633,2023-08-03 20:15:46.607759Z,-26,38.938273,-74.945298,27.367,0.000
radio434mhz,19332A07,2023-08-03 20:15:49.532925Z,-36,38.938266,-74.945321,27.605,0.000
radio434mhz,4C34074B,2023-08-03 20:15:54.483067Z,-37,38.938252,-74.945390,335.343,0.000
radio434mhz,072A6633,2023-08-03 20:15:57.319755Z,-25,38.938257,-74.945429,12.004,0.000
radio434mhz,19332A07,2023-08-03 20:15:59.793243Z,-38,38.938260,-74.945455,4.626,0.000
radio434mhz,4C34074B,2023-08-03 20:16:04.834508Z,-41,38.938281,-74.945517,28.759,0.000
radio434mhz,072A6633,2023-08-03 20:16:08.028562Z,-25,38.938292,-74.945549,36.630,0.000
radio434mhz,19332A07,2023-08-03 20:16:10.098568Z,-35,38.938294,-74.945583,27.591,0.000
radio434mhz,4C34074B,2023-08-03 20:16:15.183427Z,-39,38.938290,-74.945631,23.898,0.000
radio434mhz,072A6633,2023-08-03 20:16:18.738730Z,-25,38.938292,-74.945665,43.219,0.000
radio434mhz,19332A07,2023-08-03 20:16:20.313681Z,-34,38.938293,-74.945689,16.262,0.000
radio434mhz,4C34074B,2023-08-03 20:16:25.533064Z,-40,38.938303,-74.945746,39.698,0.000
radio434mhz,072A6633,2023-08-03 20:16:29.448369Z,-25,38.938310,-74.945786,22.581,0.000
radio434mhz,19332A07,2023-08-03 20:16:30.618829Z,-35,38.938313,-74.945802,31.287,0.000
radio434mhz,4C34074B,2023-08-03 20:16:35.929416Z,-37,38.938322,-74.945865,30.040,0.000
radio434mhz,072A6633,2023-08-03 20:16:40.158526Z,-25,38.938322,-74.945925,59.217,0.000
radio434mhz,19332A07,2023-08-03 20:16:40.878263Z,-48,38.938322,-74.945925,64.429,0.000
radio434mhz,4C34074B,2023-08-03 20:16:46.280367Z,-46,38.938329,-74.945995,67.676,0.000
radio434mhz,072A6633,2023-08-03 20:16:50.870413Z,-25,38.938341,-74.946044,19.228,0.000
radio434mhz,19332A07,2023-08-03 20:16:51.138695Z,-43,38.938341,-74.946057,1.934,0.000
radio434mhz,4C34074B,2023-08-03 20:16:56.629261Z,-36,38.938355,-74.946119,17.530,0.000
radio434mhz,19332A07,2023-08-03 20:17:01.399402Z,-37,38.938370,-74.946175,22.298,0.000
radio434mhz,072A6633,2023-08-03 20:17:01.624357Z,-25,38.938370,-74.946175,14.933,0.000
radio434mhz,4C34074B,2023-08-03 20:17:07.024431Z,-35,38.938388,-74.946231,14.985,0.000
radio434mhz,19332A07,2023-08-03 20:17:11.749481Z,-33,38.938403,-74.946289,18.301,0.000
radio434mhz,072A6633,2023-08-03 20:17:12.379716Z,-25,38.938406,-74.946300,19.213,0.000
radio434mhz,4C34074B,2023-08-03 20:17:17.374829Z,-40,38.938419,-74.946353,2.041,0.000
radio434mhz,19332A07,2023-08-03 20:17:21.964826Z,-33,38.938415,-74.946370,21.153,0.000
radio434mhz,072A6633,2023-08-03 20:17:23.090003Z,-25,38.938429,-74.946393,354.233,0.000
radio434mhz,4C34074B,2023-08-03 20:17:27.725033Z,-35,38.938444,-74.946439,10.305,0.000
radio434mhz,19332A07,2023-08-03 20:17:32.225047Z,-34,38.938461,-74.946498,353.979,0.000
radio434mhz,072A6633,2023-08-03 20:17:33.800048Z,-25,38.938467,-74.946516,18.028,0.000
radio434mhz,4C34074B,2023-08-03 20:17:38.120350Z,-38,38.938477,-74.946577,5.179,0.000
radio434mhz,19332A07,2023-08-03 20:17:42.530379Z,-39,38.938484,-74.946630,2.364,0.000
radio434mhz,072A6633,2023-08-03 20:17:44.511644Z,-26,38.938487,-74.946652,1.691,0.000
radio434mhz,4C34074B,2023-08-03 20:17:48.470450Z,-34,38.938500,-74.946696,32.550,0.000
radio434mhz,19332A07,2023-08-03 20:17:52.790766Z,-36,38.938484,-74.946748,22.215,0.000
radio434mhz,072A6633,2023-08-03 20:17:55.265744Z,-25,38.938474,-74.946778,29.384,0.000
radio434mhz,4C34074B,2023-08-03 20:17:58.865780Z,-33,38.938467,-74.946817,16.863,0.000
radio434mhz,19332A07,2023-08-03 20:18:03.097239Z,-32,38.938454,-74.946871,14.215,0.000
radio434mhz,072A6633,2023-08-03 20:18:06.020712Z,-25,38.938452,-74.946895,4.826,0.000
radio434mhz,4C34074B,2023-08-03 20:18:09.215882Z,-32,38.938436,-74.946938,14.219,0.000
radio434mhz,19332A07,2023-08-03 20:18:13.310406Z,-31,38.938425,-74.946982,32.388,0.000
radio434mhz,072A6633,2023-08-03 20:18:16.731241Z,-25,38.938420,-74.947014,15.036,0.000
radio434mhz,4C34074B,2023-08-03 20:18:19.567620Z,-35,38.938417,-74.947047,3.259,0.000
radio434mhz,19332A07,2023-08-03 20:18:23.616433Z,-36,38.938410,-74.947095,5.901,0.000
radio434mhz,072A6633,2023-08-03 20:18:27.486002Z,-26,38.938401,-74.947143,11.148,0.000
radio434mhz,4C34074B,2023-08-03 20:18:30.006668Z,-33,38.938399,-74.947158,28.890,0.000
radio434mhz,19332A07,2023-08-03 20:18:33.876717Z,-34,38.938374,-74.947198,6.683,0.000
radio434mhz,072A6633,2023-08-03 20:18:38.196060Z,-25,38.938345,-74.947244,50.316,0.000
radio434mhz,4C34074B,2023-08-03 20:18:40.356788Z,-40,38.938327,-74.947260,5.955,0.000
radio434mhz,19332A07,2023-08-03 20:18:44.136781Z,-38,38.938300,-74.947288,14.580,0.000
radio434mhz,072A6633,2023-08-03 20:18:48.908078Z,-25,38.938271,-74.947319,5.574,0.000
radio434mhz,4C34074B,2023-08-03 20:18:50.707352Z,-35,38.938259,-74.947333,0.713,0.000
radio434mhz,19332A07,2023-08-03 20:18:54.398272Z,-39,38.938233,-74.947365,13.087,0.000
radio434mhz,072A6633,2023-08-03 20:18:59.663217Z,-25,38.938202,-74.947402,6.718,0.000
radio434mhz,4C34074B,2023-08-03 20:19:01.058466Z,-36,38.938190,-74.947418,5.782,0.000
radio434mhz,19332A07,2023-08-03 20:19:04.702334Z,-32,38.938170,-74.947445,12.534,0.000
radio434mhz,072A6633,2023-08-03 20:19:10.373720Z,-25,38.938126,-74.947486,22.758,0.000
radio434mhz,4C34074B,2023-08-03 20:19:11.453100Z,-36,38.938115,-74.947491,18.581,0.000
radio434mhz,19332A07,2023-08-03 20:19:14.962037Z,-31,38.938092,-74.947509,46.864,0.000
radio434mhz,072A6633,2023-08-03 20:19:21.172468Z,-25,38.938029,-74.947522,76.978,0.000
radio434mhz,4C34074B,2023-08-03 20:19:21.849002Z,-36,38.938029,-74.947522,78.817,0.000
radio434mhz,19332A07,2023-08-03 20:19:25.267827Z,-31,38.937990,-74.947522,55.469,0.000
radio434mhz,072A6633,2023-08-03 20:19:31.883099Z,-25,38.937932,-74.947528,60.830,0.000
radio434mhz,4C34074B,2023-08-03 20:19:32.153125Z,-33,38.937924,-74.947530,52.573,0.000
radio434mhz,19332A07,2023-08-03 20:19:35.527491Z,-37,38.937893,-74.947527,53.793,0.000
radio434mhz,4C34074B,2023-08-03 20:19:42.548362Z,-37,38.937825,-74.947509,74.452,0.000
radio434mhz,072A6633,2023-08-03 20:19:42.593514Z,-25,38.937825,-74.947509,74.452,0.000
radio434mhz,19332A07,2023-08-03 20:19:45.788398Z,-32,38.937796,-74.947497,59.577,0.000
radio434mhz,4C34074B,2023-08-03 20:19:52.898528Z,-36,38.937740,-74.947480,71.994,0.000
radio434mhz,072A6633,2023-08-03 20:19:53.348489Z,-26,38.937729,-74.947475,71.654,0.000
radio434mhz,19332A07,2023-08-03 20:19:56.051053Z,-35,38.937700,-74.947463,69.313,0.000
radio434mhz,4C34074B,2023-08-03 20:20:03.295336Z,-40,38.937653,-74.947456,41.813,0.000
radio434mhz,072A6633,2023-08-03 20:20:04.103584Z,-25,38.937645,-74.947460,39.228,0.000
radio434mhz,19332A07,2023-08-03 20:20:06.353731Z,-27,38.937633,-74.947473,28.715,0.000
radio434mhz,4C34074B,2023-08-03 20:20:13.690103Z,-36,38.937584,-74.947517,5.806,0.000
radio434mhz,072A6633,2023-08-03 20:20:14.859074Z,-25,38.937579,-74.947523,10.720,0.000
radio434mhz,19332A07,2023-08-03 20:20:16.659109Z,-36,38.937570,-74.947538,355.555,0.000
radio434mhz,4C34074B,2023-08-03 20:20:24.038608Z,-36,38.937548,-74.947585,16.178,0.000
radio434mhz,19332A07,2023-08-03 20:20:26.919341Z,-38,38.937543,-74.947610,25.618,0.000
radio434mhz,4C34074B,2023-08-03 20:20:34.389399Z,-35,38.937523,-74.947682,21.072,0.000
radio434mhz,072A6633,2023-08-03 20:20:36.325872Z,-25,38.937515,-74.947692,11.805,0.000
radio434mhz,19332A07,2023-08-03 20:20:37.179496Z,-30,38.937510,-74.947698,18.915,0.000
radio434mhz,4C34074B,2023-08-03 20:20:44.784642Z,-35,38.937472,-74.947721,61.725,0.000
radio434mhz,072A6633,2023-08-03 20:20:47.079845Z,-25,38.937454,-74.947727,37.098,0.000
radio434mhz,19332A07,2023-08-03 20:20:47.439630Z,-35,38.937454,-74.947727,52.104,0.000
radio434mhz,4C34074B,2023-08-03 20:20:55.134783Z,-35,38.937391,-74.947729,62.400,0.000
radio434mhz,19332A07,2023-08-03 20:20:57.746287Z,-37,38.937377,-74.947725,59.788,0.000
radio434mhz,072A6633,2023-08-03 20:20:57.834784Z,-26,38.937377,-74.947725,59.788,0.000
radio434mhz,4C34074B,2023-08-03 20:21:05.486372Z,-40,38.937319,-74.947699,61.137,0.000
radio434mhz,19332A07,2023-08-03 20:21:08.004596Z,-30,38.937308,-74.947684,54.265,0.000
radio434mhz,072A6633,2023-08-03 20:21:08.588489Z,-25,38.937303,-74.947677,65.094,0.000
radio434mhz,4C34074B,2023-08-03 20:21:15.880354Z,-40,38.937277,-74.947636,62.781,0.000
radio434mhz,19332A07,2023-08-03 20:21:18.266854Z,-37,38.937269,-74.947615,58.212,0.000
radio434mhz,072A6633,2023-08-03 20:21:19.345477Z,-25,38.937266,-74.947610,64.474,0.000
radio434mhz,4C34074B,2023-08-03 20:21:26.230515Z,-37,38.937254,-74.947552,55.469,0.000
radio434mhz,19332A07,2023-08-03 20:21:28.570407Z,-34,38.937252,-74.947531,59.948,0.000
radio434mhz,072A6633,2023-08-03 20:21:30.100582Z,-25,38.937249,-74.947519,59.614,0.000
radio434mhz,4C34074B,2023-08-03 20:21:36.625857Z,-36,38.937240,-74.947473,49.967,0.000
radio434mhz,19332A07,2023-08-03 20:21:38.830957Z,-32,38.937236,-74.947453,56.241,0.000
radio434mhz,072A6633,2023-08-03 20:21:40.855184Z,-25,38.937235,-74.947442,61.340,0.000
radio434mhz,4C34074B,2023-08-03 20:21:47.021109Z,-41,38.937229,-74.947394,46.860,0.000
radio434mhz,19332A07,2023-08-03 20:21:49.091101Z,-36,38.937231,-74.947373,41.695,0.000
radio434mhz,072A6633,2023-08-03 20:21:51.611573Z,-25,38.937235,-74.947363,52.839,0.000
radio434mhz,4C34074B,2023-08-03 20:21:57.372391Z,-35,38.937233,-74.947315,52.096,0.000
radio434mhz,19332A07,2023-08-03 20:21:59.441439Z,-30,38.937234,-74.947300,52.280,0.000
radio434mhz,072A6633,2023-08-03 20:22:02.411846Z,-25,38.937231,-74.947280,48.039,0.000
radio434mhz,4C34074B,2023-08-03 20:22:07.766491Z,-34,38.937236,-74.947238,39.959,0.000
radio434mhz,19332A07,2023-08-03 20:22:09.656185Z,-33,38.937241,-74.947222,36.445,0.000
radio434mhz,072A6633,2023-08-03 20:22:13.166842Z,-26,38.937257,-74.947203,32.297,0.000
radio434mhz,4C34074B,2023-08-03 20:22:18.115918Z,-41,38.937281,-74.947174,27.799,0.000
radio434mhz,19332A07,2023-08-03 20:22:19.961819Z,-39,38.937286,-74.947168,28.059,0.000
radio434mhz,072A6633,2023-08-03 20:22:23.966904Z,-25,38.937303,-74.947142,13.856,0.000
radio434mhz,4C34074B,2023-08-03 20:22:28.511376Z,-42,38.937338,-74.947142,19.425,0.000
radio434mhz,19332A07,2023-08-03 20:22:30.222033Z,-36,38.937353,-74.947147,21.926,0.000
radio434mhz,072A6633,2023-08-03 20:22:34.721841Z,-25,38.937376,-74.947146,24.420,0.000
radio434mhz,4C34074B,2023-08-03 20:22:38.861251Z,-36,38.937397,-74.947152,21.595,0.000
radio434mhz,19332A07,2023-08-03 20:22:40.526975Z,-35,38.937406,-74.947154,14.502,0.000
radio434mhz,072A6633,2023-08-03 20:22:45.522168Z,-26,38.937441,-74.947151,16.756,0.000
radio434mhz,4C34074B,2023-08-03 20:22:49.257042Z,-35,38.937466,-74.947161,0.452,0.000
radio434mhz,19332A07,2023-08-03 20:22:50.832278Z,-35,38.937472,-74.947169,3.774,0.000
radio434mhz,072A6633,2023-08-03 20:22:56.322481Z,-25,38.937488,-74.947224,2.020,0.000
radio434mhz,4C34074B,2023-08-03 20:22:59.651974Z,-38,38.937498,-74.947244,1.904,0.000
radio434mhz,19332A07,2023-08-03 20:23:01.092673Z,-38,38.937504,-74.947257,3.314,0.000
radio434mhz,072A6633,2023-08-03 20:23:07.076958Z,-26,38.937529,-74.947294,1.611,0.000
radio434mhz,4C34074B,2023-08-03 20:23:10.002706Z,-42,38.937537,-74.947307,4.884,0.000
radio434mhz,19332A07,2023-08-03 20:23:11.352814Z,-32,38.937547,-74.947320,5.679,0.000
radio434mhz,072A6633,2023-08-03 20:23:17.879021Z,-25,38.937571,-74.947356,6.971,0.000
radio434mhz,4C34074B,2023-08-03 20:23:20.442751Z,-42,38.937585,-74.947376,12.590,0.000
radio434mhz,19332A07,2023-08-03 20:23:21.657989Z,-40,38.937589,-74.947381,1.779,0.000
radio434mhz,072A6633,2023-08-03 20:23:28.678302Z,-26,38.937603,-74.947433,1.391,0.000
radio434mhz,4C34074B,2023-08-03 20:23:30.793271Z,-37,38.937610,-74.947450,24.224,0.000
radio434mhz,19332A07,2023-08-03 20:23:31.962795Z,-37,38.937614,-74.947444,18.974,0.000
radio434mhz,072A6633,2023-08-03 20:23:39.479392Z,-25,38.937672,-74.947440,3.429,0.000
radio434mhz,4C34074B,2023-08-03 20:23:41.143595Z,-41,38.937682,-74.947453,4.772,0.000
radio434mhz,19332A07,2023-08-03 20:23:42.222320Z,-35,38.937686,-74.947462,3.083,0.000
radio434mhz,072A6633,2023-08-03 20:23:50.279887Z,-25,38.937739,-74.947501,19.665,0.000
radio434mhz,4C34074B,2023-08-03 20:23:51.582974Z,-36,38.937746,-74.947501,15.466,0.000
radio434mhz,19332A07,2023-08-03 20:23:52.528776Z,-34,38.937755,-74.947499,15.137,0.000
radio434mhz,072A6633,2023-08-03 20:24:01.123400Z,-25,38.937828,-74.947514,6.948,0.000
radio434mhz,4C34074B,2023-08-03 20:24:01.933916Z,-38,38.937828,-74.947514,22.261,0.000
radio434mhz,19332A07,2023-08-03 20:24:02.833952Z,-33,38.937834,-74.947516,6.878,0.000
radio434mhz,072A6633,2023-08-03 20:24:11.924299Z,-25,38.937909,-74.947533,12.218,0.000
radio434mhz,4C34074B,2023-08-03 20:24:12.329147Z,-35,38.937917,-74.947534,22.124,0.000
radio434mhz,19332A07,2023-08-03 20:24:13.139364Z,-34,38.937925,-74.947535,19.454,0.000
radio434mhz,072A6633,2023-08-03 20:24:22.679448Z,-25,38.937989,-74.947519,13.821,0.000
radio434mhz,4C34074B,2023-08-03 20:24:22.680351Z,-33,38.937989,-74.947519,13.821,0.000
radio434mhz,19332A07,2023-08-03 20:24:23.399662Z,-37,38.937999,-74.947520,11.639,0.000
radio434mhz,4C34074B,2023-08-03 20:24:33.074388Z,-35,38.938081,-74.947512,18.975,0.000
radio434mhz,072A6633,2023-08-03 20:24:33.478784Z,-25,38.938081,-74.947512,26.026,0.000
radio434mhz,19332A07,2023-08-03 20:24:33.704657Z,-39,38.938081,-74.947512,26.939,0.000
radio434mhz,4C34074B,2023-08-03 20:24:43.469718Z,-34,38.938143,-74.947472,30.760,0.000
radio434mhz,19332A07,2023-08-03 20:24:43.965091Z,-36,38.938143,-74.947472,35.438,0.000
radio434mhz,072A6633,2023-08-03 20:24:44.279785Z,-25,38.938152,-74.947463,36.585,0.000
radio434mhz,4C34074B,2023-08-03 20:24:53.864953Z,-36,38.938208,-74.947391,33.310,0.000
radio434mhz,19332A07,2023-08-03 20:24:54.224796Z,-36,38.938213,-74.947386,41.498,0.000
radio434mhz,072A6633,2023-08-03 20:24:55.124176Z,-25,38.938219,-74.947382,35.051,0.000
radio434mhz,4C34074B,2023-08-03 20:25:04.215504Z,-40,38.938276,-74.947307,33.496,0.000
radio434mhz,19332A07,2023-08-03 20:25:04.530117Z,-39,38.938276,-74.947307,35.675,0.000
radio434mhz,072A6633,2023-08-03 20:25:05.925205Z,-26,38.938281,-74.947302,43.663,0.000
radio434mhz,4C34074B,2023-08-03 20:25:14.610391Z,-35,38.938336,-74.947242,37.231,0.000
radio434mhz,19332A07,2023-08-03 20:25:14.835460Z,-41,38.938336,-74.947242,36.681,0.000
radio434mhz,072A6633,2023-08-03 20:25:16.725504Z,-25,38.938349,-74.947227,35.589,0.000
radio434mhz,4C34074B,2023-08-03 20:25:25.050692Z,-37,38.938394,-74.947153,48.890,0.000
radio434mhz,19332A07,2023-08-03 20:25:25.094948Z,-39,38.938394,-74.947153,48.890,0.000
radio434mhz,072A6633,2023-08-03 20:25:27.525832Z,-25,38.938399,-74.947134,49.214,0.000
radio434mhz,4C34074B,2023-08-03 20:25:35.445974Z,-42,38.938405,-74.947049,50.468,0.000
radio434mhz,19332A07,2023-08-03 20:25:35.446551Z,-38,38.938405,-74.947049,50.468,0.000
radio434mhz,072A6633,2023-08-03 20:25:38.370997Z,-26,38.938408,-74.947017,48.533,0.000
radio434mhz,19332A07,2023-08-03 20:25:45.706161Z,-36,38.938432,-74.946953,49.806,0.000
radio434mhz,4C34074B,2023-08-03 20:25:45.795464Z,-41,38.938432,-74.946953,49.806,0.000
radio434mhz,072A6633,2023-08-03 20:25:49.126086Z,-26,38.938438,-74.946918,51.519,0.000
radio434mhz,19332A07,2023-08-03 20:25:56.011204Z,-37,38.938452,-74.946861,49.159,0.000
radio434mhz,4C34074B,2023-08-03 20:25:56.146385Z,-36,38.938458,-74.946850,49.118,0.000
radio434mhz,072A6633,2023-08-03 20:25:59.971280Z,-25,38.938467,-74.946820,48.344,0.000
radio434mhz,19332A07,2023-08-03 20:26:06.271643Z,-33,38.938491,-74.946736,37.038,0.000
radio434mhz,4C34074B,2023-08-03 20:26:06.540705Z,-33,38.938491,-74.946736,33.701,0.000
radio434mhz,072A6633,2023-08-03 20:26:10.816588Z,-26,38.938503,-74.946694,44.796,0.000
radio434mhz,19332A07,2023-08-03 20:26:16.576133Z,-35,38.938496,-74.946621,58.950,0.000
radio434mhz,4C34074B,2023-08-03 20:26:16.936896Z,-35,38.938496,-74.946621,61.816,0.000
radio434mhz,072A6633,2023-08-03 20:26:21.571779Z,-25,38.938484,-74.946566,62.677,0.000
radio434mhz,19332A07,2023-08-03 20:26:26.837472Z,-38,38.938471,-74.946507,58.785,0.000
radio434mhz,4C34074B,2023-08-03 20:26:27.332299Z,-36,38.938467,-74.946501,53.289,0.000
radio434mhz,072A6633,2023-08-03 20:26:32.372092Z,-26,38.938452,-74.946443,59.901,0.000
radio434mhz,19332A07,2023-08-03 20:26:37.142122Z,-35,38.938432,-74.946385,54.382,0.000
radio434mhz,4C34074B,2023-08-03 20:26:37.727161Z,-40,38.938432,-74.946385,65.548,0.000
radio434mhz,072A6633,2023-08-03 20:26:43.172280Z,-25,38.938411,-74.946319,61.382,0.000
radio434mhz,19332A07,2023-08-03 20:26:47.446918Z,-32,38.938398,-74.946275,58.453,0.000
radio434mhz,4C34074B,2023-08-03 20:26:48.121626Z,-35,38.938394,-74.946263,61.749,0.000
radio434mhz,072A6633,2023-08-03 20:26:54.017725Z,-25,38.938373,-74.946207,61.445,0.000
radio434mhz,19332A07,2023-08-03 20:26:57.751782Z,-35,38.938359,-74.946156,60.308,0.000
radio434mhz,4C34074B,2023-08-03 20:26:58.562360Z,-34,38.938358,-74.946147,56.721,0.000
radio434mhz,072A6633,2023-08-03 20:27:04.817941Z,-25,38.938344,-74.946074,64.518,0.000
radio434mhz,19332A07,2023-08-03 20:27:08.012563Z,-29,38.938337,-74.946038,53.380,0.000
radio434mhz,4C34074B,2023-08-03 20:27:08.912895Z,-38,38.938334,-74.946028,60.612,0.000
radio434mhz,072A6633,2023-08-03 20:27:15.663134Z,-25,38.938332,-74.945940,55.997,0.000
radio434mhz,19332A07,2023-08-03 20:27:18.320708Z,-36,38.938325,-74.945905,55.961,0.000
radio434mhz,4C34074B,2023-08-03 20:27:19.308177Z,-35,38.938325,-74.945891,53.534,0.000
radio434mhz,072A6633,2023-08-03 20:27:26.417761Z,-25,38.938324,-74.945810,54.613,0.000
radio434mhz,19332A07,2023-08-03 20:27:28.623300Z,-30,38.938320,-74.945783,48.534,0.000
radio434mhz,4C34074B,2023-08-03 20:27:29.703601Z,-35,38.938318,-74.945775,56.483,0.000
radio434mhz,072A6633,2023-08-03 20:27:37.218762Z,-26,38.938306,-74.945679,79.204,0.000
radio434mhz,19332A07,2023-08-03 20:27:38.884498Z,-41,38.938305,-74.945669,68.771,0.000
radio434mhz,4C34074B,2023-08-03 20:27:40.098616Z,-36,38.938307,-74.945653,75.860,0.000
radio434mhz,072A6633,2023-08-03 20:27:48.063102Z,-25,38.938292,-74.945572,69.020,0.000
radio434mhz,19332A07,2023-08-03 20:27:49.188758Z,-54,38.938288,-74.945562,70.952,0.000
radio434mhz,4C34074B,2023-08-03 20:27:50.448209Z,-39,38.938283,-74.945550,79.933,0.000
